ID,Name,Age,Country,Salary
1,Name_1,21,Country_2,33110.0
2,Name_2,22,Country_3,33220.0
3,Name_3,23,Country_4,33330.0
4,Name_4,24,Country_5,33440.0
5,Name_5,25,Country_1,33550.0
6,Name_6,26,Country_2,33660.0
7,Name_7,27,Country_3,33770.0
8,Name_8,28,Country_4,33880.0
9,Name_9,29,Country_5,33990.0
10,Name_10,20,Country_1,34100.0
11,Name_11,21,Country_2,34210.0
12,Name_12,22,Country_3,34320.0
13,Name_13,23,Country_4,34430.0
14,Name_14,24,Country_5,34540.0
15,Name_15,25,Country_1,34650.0
16,Name_16,26,Country_2,34760.0
17,Name_17,27,Country_3,34870.0
18,Name_18,28,Country_4,34980.0
19,Name_19,29,Country_5,35090.0
20,Name_20,20,Country_1,35200.0
21,Name_21,21,Country_2,35310.0
22,Name_22,22,Country_3,35420.0
23,Name_23,23,Country_4,35530.0
24,Name_24,24,Country_5,35640.0
25,Name_25,25,Country_1,35750.0
26,Name_26,26,Country_2,35860.0
27,Name_27,27,Country_3,35970.0
28,Name_28,28,Country_4,36080.0
29,Name_29,29,Country_5,36190.0
30,Name_30,20,Country_1,36300.0
31,Name_31,21,Country_2,36410.0
32,Name_32,22,Country_3,36520.0
33,Name_33,23,Country_4,36630.0
34,Name_34,24,Country_5,36740.0
35,Name_35,25,Country_1,36850.0
36,Name_36,26,Country_2,36960.0
37,Name_37,27,Country_3,37070.0
38,Name_38,28,Country_4,37180.0
39,Name_39,29,Country_5,37290.0
40,Name_40,20,Country_1,37400.0
41,Name_41,21,Country_2,37510.0
42,Name_42,22,Country_3,37620.0
43,Name_43,23,Country_4,37730.0
44,Name_44,24,Country_5,37840.0
45,Name_45,25,Country_1,37950.0
46,Name_46,26,Country_2,38060.0
47,Name_47,27,Country_3,38170.0
48,Name_48,28,Country_4,38280.0
49,Name_49,29,Country_5,38390.0
50,Name_50,20,Country_1,38500.0
51,Name_51,21,Country_2,38610.0
52,Name_52,22,Country_3,38720.0
53,Name_53,23,Country_4,38830.0
54,Name_54,24,Country_5,38940.0
55,Name_55,25,Country_1,39050.0
56,Name_56,26,Country_2,39160.0
57,Name_57,27,Country_3,39270.0
58,Name_58,28,Country_4,39380.0
59,Name_59,29,Country_5,39490.0
60,Name_60,20,Country_1,39600.0
61,Name_61,21,Country_2,39710.0
62,Name_62,22,Country_3,39820.0
63,Name_63,23,Country_4,39930.0
64,Name_64,24,Country_5,40040.0
65,Name_65,25,Country_1,40150.0
66,Name_66,26,Country_2,40260.0
67,Name_67,27,Country_3,40370.0
68,Name_68,28,Country_4,40480.0
69,Name_69,29,Country_5,40590.0
70,Name_70,20,Country_1,40700.0
71,Name_71,21,Country_2,40810.0
72,Name_72,22,Country_3,40920.0
73,Name_73,23,Country_4,41030.0
74,Name_74,24,Country_5,41140.0
75,Name_75,25,Country_1,41250.0
76,Name_76,26,Country_2,41360.0
77,Name_77,27,Country_3,41470.0
78,Name_78,28,Country_4,41580.0
79,Name_79,29,Country_5,41690.0
80,Name_80,20,Country_1,41800.0
81,Name_81,21,Country_2,41910.0
82,Name_82,22,Country_3,42020.0
83,Name_83,23,Country_4,42130.0
84,Name_84,24,Country_5,42240.0
85,Name_85,25,Country_1,42350.0
86,Name_86,26,Country_2,42460.0
87,Name_87,27,Country_3,42570.0
88,Name_88,28,Country_4,42680.0
89,Name_89,29,Country_5,42790.0
90,Name_90,20,Country_1,42900.0
91,Name_91,21,Country_2,43010.0
92,Name_92,22,Country_3,43120.0
93,Name_93,23,Country_4,43230.0
94,Name_94,24,Country_5,43340.0
95,Name_95,25,Country_1,43450.0
96,Name_96,26,Country_2,43560.0
97,Name_97,27,Country_3,43670.0
98,Name_98,28,Country_4,43780.0
99,Name_99,29,Country_5,43890.0
100,Name_100,20,Country_1,44000.0
